,CaseID,Opened,Closed,Updated,Status,Status Notes,Responsible Agency,Category,Request Type,Request Details,Address,Supervisor District,Neighborhood,Point,Source,Media URL
0,6598547,12/05/2016 03:50:30 PM,,12/05/2016 03:50:30 PM,Open,accepted,DPW Ops Queue,Graffiti Private Property,Not_Offensive Graffiti on Private Property,Building_other - Not_Offensive,Intersection of 18TH ST and CHURCH ST,8,Mission Dolores,"(37.7612895823341, -122.428354118317)",Open311,http://mobile311.sfgov.org/media/san_francisco/report/photos/5845fd3f3da19793c74bdb02/report.jpg
1,6590597,12/03/2016 08:56:00 AM,,12/03/2016 08:56:00 AM,Open,accepted,DPW Ops Queue,Graffiti Private Property,Not_Offensive Graffiti on Private Property,Building_other - Not_Offensive,Intersection of 18TH ST and CHURCH ST,8,Mission Dolores,"(37.7612895823341, -122.428354118317)",Open311,http://mobile311.sfgov.org/media/san_francisco/report/photos/5842f91b3da18eff3dab2864/report.jpg
2,6590590,12/03/2016 08:54:02 AM,,12/03/2016 08:58:23 AM,Open,open,DPW Ops Queue,Graffiti Public Property,Not_Offensive Graffiti on Public Property,Signal_box - Not_Offensive,Intersection of 18TH ST and CHURCH ST,8,Mission Dolores,"(37.7612895823341, -122.428354118317)",Open311,http://mobile311.sfgov.org/media/san_francisco/report/photos/5842f8a23da18eff3dab282e/report.jpg
3,6590586,12/03/2016 08:52:46 AM,,12/03/2016 09:08:55 AM,Open,accepted,DPW Ops Queue,Graffiti Public Property,Not_Offensive Graffiti on Public Property,Signal_box - Not_Offensive,"586 CHURCH ST, SAN FRANCISCO, CA, 94114",8,Mission Dolores,"(37.761469775816, -122.428569714336)",Open311,http://mobile311.sfgov.org/media/san_francisco/report/photos/5842f8553da18eff3dab280a/report.jpg
4,6583496,12/01/2016 09:33:46 AM,,12/01/2016 09:33:46 AM,Open,accepted,DPW Ops Queue,Graffiti Public Property,Offensive Graffiti on Public Property,Signal_box - Offensive,Intersection of 18TH ST and CHURCH ST,8,Mission Dolores,"(37.7612895823341, -122.428354118317)",Open311,http://mobile311.sfgov.org/media/san_francisco/report/photos/58405eed3da18eff3daae52b/report.jpg
5,6579047,11/30/2016 08:18:50 AM,12/05/2016 10:25:29 AM,12/05/2016 10:25:29 AM,Closed,Case Resolved - SES Graffiti Crew  - Paint - Misc - City Garbage Can,DPW Ops Queue,Graffiti Public Property,Offensive Graffiti on Public Property,City_receptacle - Offensive,Intersection of 18TH ST and CHURCH ST,8,Mission Dolores,"(37.7612895823341, -122.428354118317)",Open311,http://mobile311.sfgov.org/media/san_francisco/report/photos/583efbe03da18eff3daabcf4/report.jpg
6,6579043,11/30/2016 08:18:19 AM,12/05/2016 10:25:30 AM,12/05/2016 10:25:30 AM,Closed,Case Resolved - SES Graffiti Crew  - Paint - Misc - City Garbage Can,DPW Ops Queue,Graffiti Public Property,Offensive Graffiti on Public Property,Signal_box - Offensive,Intersection of 18TH ST and CHURCH ST,8,Mission Dolores,"(37.7612895823341, -122.428354118317)",Open311,http://mobile311.sfgov.org/media/san_francisco/report/photos/583efbc23da18eff3daabcdf/report.jpg
7,6568288,11/27/2016 08:33:12 AM,12/02/2016 09:15:46 AM,12/02/2016 09:15:46 AM,Closed,Case Resolved - SES Graffiti Crew  - Clean using chemicals - Misc - Other Work,DPW Ops Queue,Graffiti Public Property,Offensive Graffiti on Public Property,City_receptacle - Offensive,Intersection of 18TH ST and CHURCH ST,8,Mission Dolores,"(37.7612895823341, -122.428354118317)",Open311,http://mobile311.sfgov.org/media/san_francisco/report/photos/583b0ac23da18eff3daa42e1/report.jpg
8,6568251,11/27/2016 08:11:37 AM,12/02/2016 09:15:37 AM,12/02/2016 09:15:37 AM,Closed,Case Resolved - SES Graffiti Crew  - Clean using chemicals - Misc - Other Work,DPW Ops Queue,Graffiti Public Property,Not_Offensive Graffiti on Public Property,Signal_box - Not_Offensive,Intersection of 18TH ST and CHURCH ST,8,Mission Dolores,"(37.7612895823341, -122.428354118317)",Open311,http://mobile311.sfgov.org/media/san_francisco/report/photos/583b05b43da18eff3daa425c/report.jpg
9,6557087,11/22/2016 01:51:48 PM,11/23/2016 05:41:47 AM,11/23/2016 05:41:47 AM,Closed,Scheduled -,Clear Channel - Transit Queue,Graffiti Public Property,Not_Offensive Graffiti on Public Property,Transit_Shelter_Platform - Not_Offensive,Intersection of 18TH ST and CHURCH ST,8,Mission Dolores,"(37.7612895823341, -122.428354118317)",Voice In,
10,6547368,11/19/2016 10:21:28 AM,11/25/2016 10:25:32 AM,11/25/2016 10:25:32 AM,Closed,Case Resolved - SES Graffiti Crew  - Paint - Box - Big Signal Light,DPW Ops Queue,Graffiti Public Property,Not_Offensive Graffiti on Public Property,Signal_box - Not_Offensive,Intersection of 18TH ST and CHURCH ST,8,Mission Dolores,"(37.7612895823341, -122.428354118317)",Open311,http://mobile311.sfgov.org/media/san_francisco/report/photos/583076ec3da18eff3da9626e/report.jpg
11,6547322,11/19/2016 10:18:11 AM,11/21/2016 06:01:18 AM,11/21/2016 06:01:18 AM,Closed,Scheduled -,Clear Channel - Transit Queue,Graffiti Public Property,Not_Offensive Graffiti on Public Property,Transit_Shelter_Platform - Not_Offensive,"3803 18TH ST, SAN FRANCISCO, CA, 94114",8,Dolores Heights,"(37.761161068222, -122.428524351928)",Open311,http://mobile311.sfgov.org/media/san_francisco/report/photos/5830769c3da18eff3da96263/report.jpg
12,6547295,11/19/2016 10:16:22 AM,,11/19/2016 10:16:22 AM,Open,open,DPW Ops Queue,Graffiti Public Property,Not_Offensive Graffiti on Public Property,City_receptacle - Not_Offensive,Intersection of 18TH ST and CHURCH ST,8,Mission Dolores,"(37.7612895823341, -122.428354118317)",Open311,http://mobile311.sfgov.org/media/san_francisco/report/photos/58307ba63da18eff3da9630c/report.jpg
13,6532568,11/15/2016 08:11:33 AM,11/15/2016 12:20:34 PM,11/15/2016 12:20:34 PM,Closed,Case Resolved -,DPW Ops Queue,Graffiti Public Property,Offensive Graffiti on Public Property,Signal_box - Offensive,Intersection of 18TH ST and CHURCH ST,8,Mission Dolores,"(37.7612895823341, -122.428354118317)",Open311,http://mobile311.sfgov.org/media/san_francisco/report/photos/582b33aedf86adfef544942c/report.jpg
14,6532539,11/15/2016 08:05:37 AM,11/15/2016 08:20:58 AM,11/15/2016 08:20:58 AM,Closed,Scheduled -,Clear Channel - Transit Queue,Graffiti Public Property,Offensive Graffiti on Public Property,Transit_Shelter_Platform - Offensive,Intersection of 18TH ST and CHURCH ST,8,Mission Dolores,"(37.7612895823341, -122.428354118317)",Open311,http://mobile311.sfgov.org/media/san_francisco/report/photos/582b3246df86adfef5449383/report.jpg
15,6532535,11/15/2016 08:05:09 AM,11/15/2016 08:21:09 AM,11/15/2016 08:21:09 AM,Closed,Scheduled -,Clear Channel - Transit Queue,Graffiti Public Property,Offensive Graffiti on Public Property,Transit_Shelter_Platform - Offensive,"3803 18TH ST, SAN FRANCISCO, CA, 94114",8,Dolores Heights,"(37.761161068222, -122.428524351928)",Open311,http://mobile311.sfgov.org/media/san_francisco/report/photos/582b322adf86adfef5449367/report.jpg
16,6528248,11/14/2016 08:40:55 AM,11/20/2016 10:25:34 AM,11/20/2016 10:25:34 AM,Closed,Case Resolved - SES Graffiti Crew  - Clean using chemicals - Property - MUNI,DPW Ops Queue,Graffiti Private Property,Offensive Graffiti on Private Property,Sidewalk_in_front_of_property - Offensive,"3803 18TH ST, SAN FRANCISCO, CA, 94114",8,Dolores Heights,"(37.761161068222, -122.428524351928)",Open311,http://mobile311.sfgov.org/media/san_francisco/report/photos/5829e910df86adfef544609f/report.jpg
17,6528234,11/14/2016 08:39:38 AM,11/14/2016 10:33:34 AM,11/14/2016 10:33:34 AM,Closed,Scheduled -,Clear Channel - Transit Queue,Graffiti Public Property,Not_Offensive Graffiti on Public Property,Transit_Shelter_Platform - Not_Offensive,"3803 18TH ST, SAN FRANCISCO, CA, 94114",8,Dolores Heights,"(37.761161068222, -122.428524351928)",Open311,http://mobile311.sfgov.org/media/san_francisco/report/photos/5829e8b8df86adfef544605e/report.jpg
18,6528217,11/14/2016 08:38:06 AM,11/14/2016 10:54:21 AM,11/14/2016 10:54:21 AM,Closed,Scheduled -,Clear Channel - Transit Queue,Graffiti Public Property,Offensive Graffiti on Public Property,Transit_Shelter_Platform - Offensive,Intersection of 18TH ST and CHURCH ST,8,Mission Dolores,"(37.7612895823341, -122.428354118317)",Open311,http://mobile311.sfgov.org/media/san_francisco/report/photos/5829e864df86adfef5446019/report.jpg
19,6528213,11/14/2016 08:37:34 AM,11/14/2016 10:10:55 AM,11/14/2016 10:10:55 AM,Closed,Case Resolved - emailed to ATT,DPW Ops Queue,Graffiti Public Property,Not_Offensive Graffiti on Public Property,Signal_box - Not_Offensive,Intersection of 18TH ST and CHURCH ST,8,Mission Dolores,"(37.7612895823341, -122.428354118317)",Open311,http://mobile311.sfgov.org/media/san_francisco/report/photos/5829e83adf86adfef5445ff9/report.jpg
20,6528205,11/14/2016 08:36:49 AM,11/14/2016 10:54:04 AM,11/14/2016 10:54:04 AM,Closed,Scheduled -,Clear Channel - Transit Queue,Graffiti Public Property,Offensive Graffiti on Public Property,Transit_Shelter_Platform - Offensive,Intersection of 18TH ST and CHURCH ST,8,Mission Dolores,"(37.7612895823341, -122.428354118317)",Open311,http://mobile311.sfgov.org/media/san_francisco/report/photos/5829e815df86adfef5445fc2/report.jpg
21,6525568,11/13/2016 09:01:24 AM,11/14/2016 06:42:07 AM,11/14/2016 06:42:07 AM,Closed,Scheduled -,Clear Channel - Transit Queue,Graffiti Public Property,Offensive Graffiti on Public Property,Transit_Shelter_Platform - Offensive,Intersection of 18TH ST and CHURCH ST,8,Mission Dolores,"(37.7612895823341, -122.428354118317)",Open311,http://mobile311.sfgov.org/media/san_francisco/report/photos/58289c58df86adfef5443cec/report.jpg
22,6525559,11/13/2016 09:00:20 AM,11/14/2016 06:42:17 AM,11/14/2016 06:42:17 AM,Closed,Scheduled -,Clear Channel - Transit Queue,Graffiti Public Property,Offensive Graffiti on Public Property,Transit_Shelter_Platform - Offensive,"3803 18TH ST, SAN FRANCISCO, CA, 94114",8,Dolores Heights,"(37.761161068222, -122.428524351928)",Open311,http://mobile311.sfgov.org/media/san_francisco/report/photos/58289c1adf86adfef5443ca4/report.jpg
23,6519999,11/11/2016 07:38:33 AM,11/11/2016 11:46:59 AM,11/11/2016 11:46:59 AM,Closed,Scheduled -,Clear Channel - Transit Queue,Graffiti Public Property,Offensive Graffiti on Public Property,Transit_Shelter_Platform - Offensive,Intersection of 18TH ST and CHURCH ST,8,Mission Dolores,"(37.7612895823341, -122.428354118317)",Open311,http://mobile311.sfgov.org/media/san_francisco/report/photos/5825e5f3df866fe110f875f4/report.jpg
24,6515093,11/09/2016 03:51:42 PM,11/10/2016 06:21:09 AM,11/10/2016 06:21:09 AM,Closed,Scheduled -,Clear Channel - Transit Queue,Graffiti Public Property,Not_Offensive Graffiti on Public Property,Transit_Shelter_Platform - Not_Offensive,Intersection of 18TH ST and CHURCH ST,8,Mission Dolores,"(37.7612895823341, -122.428354118317)",Open311,http://mobile311.sfgov.org/media/san_francisco/report/photos/5823b678df86841872f68eab/report.jpg
25,6512713,11/09/2016 08:31:20 AM,11/09/2016 12:16:09 PM,11/09/2016 12:16:09 PM,Closed,Scheduled -,Clear Channel - Transit Queue,Graffiti Public Property,Not_Offensive Graffiti on Public Property,Transit_Shelter_Platform - Not_Offensive,Intersection of 18TH ST and CHURCH ST,8,Mission Dolores,"(37.7612895823341, -122.428354118317)",Open311,http://mobile311.sfgov.org/media/san_francisco/report/photos/58234f4edf86841872f66f5f/report.jpg
26,6508694,11/08/2016 08:30:38 AM,11/08/2016 11:59:27 AM,11/08/2016 11:59:27 AM,Closed,Scheduled -,Clear Channel - Transit Queue,Graffiti Public Property,Offensive Graffiti on Public Property,Transit_Shelter_Platform - Offensive,Intersection of 18TH ST and CHURCH ST,8,Mission Dolores,"(37.7612895823341, -122.428354118317)",Open311,http://mobile311.sfgov.org/media/san_francisco/report/photos/5821fd9fdf86105b2530676e/report.jpg
27,6508682,11/08/2016 08:29:09 AM,11/08/2016 11:59:56 AM,11/08/2016 11:59:56 AM,Closed,Case is a Duplicate -,Clear Channel - Transit Queue,Graffiti Public Property,Offensive Graffiti on Public Property,Transit_Shelter_Platform - Offensive,Intersection of 18TH ST and CHURCH ST,8,Mission Dolores,"(37.7612895823341, -122.428354118317)",Open311,http://mobile311.sfgov.org/media/san_francisco/report/photos/5821fd4ddf86105b25306728/report.jpg
28,6505045,11/07/2016 10:23:33 AM,11/07/2016 12:59:07 PM,11/07/2016 12:59:07 PM,Closed,Scheduled -,Clear Channel - Transit Queue,Graffiti Public Property,Offensive Graffiti on Public Property,Transit_Shelter_Platform - Offensive,Intersection of 18TH ST and CHURCH ST,8,Mission Dolores,"(37.7612895823341, -122.428354118317)",Open311,http://mobile311.sfgov.org/media/san_francisco/report/photos/5820c698df86105b253036bf/report.jpg
29,6504019,11/07/2016 08:15:57 AM,11/07/2016 01:01:20 PM,11/07/2016 01:01:20 PM,Closed,Scheduled -,Clear Channel - Transit Queue,Graffiti Public Property,Offensive Graffiti on Public Property,Transit_Shelter_Platform - Offensive,Intersection of 18TH ST and CHURCH ST,8,Mission Dolores,"(37.7612895823341, -122.428354118317)",Open311,http://mobile311.sfgov.org/media/san_francisco/report/photos/5820a85ddf86105b25302aaa/report.jpg
30,6503990,11/07/2016 08:12:22 AM,11/07/2016 01:01:51 PM,11/07/2016 01:01:51 PM,Closed,Scheduled -,Clear Channel - Transit Queue,Graffiti Public Property,Offensive Graffiti on Public Property,Transit_Shelter_Platform - Offensive,"3803 18TH ST, SAN FRANCISCO, CA, 94114",8,Dolores Heights,"(37.761161068222, -122.428524351928)",Open311,http://mobile311.sfgov.org/media/san_francisco/report/photos/5820a7dcdf86105b25302a85/report.jpg
31,6503976,11/07/2016 08:10:57 AM,11/07/2016 01:01:40 PM,11/07/2016 01:01:40 PM,Closed,Scheduled -,Clear Channel - Transit Queue,Graffiti Public Property,Offensive Graffiti on Public Property,Transit_Shelter_Platform - Offensive,"3803 18TH ST, SAN FRANCISCO, CA, 94114",8,Dolores Heights,"(37.761161068222, -122.428524351928)",Open311,http://mobile311.sfgov.org/media/san_francisco/report/photos/5820a788df86105b25302a57/report.jpg
32,6503962,11/07/2016 08:09:46 AM,11/07/2016 01:02:00 PM,11/07/2016 01:02:00 PM,Closed,Scheduled -,Clear Channel - Transit Queue,Graffiti Public Property,Offensive Graffiti on Public Property,Transit_Shelter_Platform - Offensive,Intersection of 18TH ST and CHURCH ST,8,Mission Dolores,"(37.7612895823341, -122.428354118317)",Open311,http://mobile311.sfgov.org/media/san_francisco/report/photos/5820a740df86105b25302a39/report.jpg
33,6497827,11/04/2016 06:20:38 PM,11/07/2016 06:48:18 AM,11/07/2016 06:48:18 AM,Closed,Scheduled -,Clear Channel - Transit Queue,Graffiti Public Property,Not_Offensive Graffiti on Public Property,Transit_Shelter_Platform - Not_Offensive,Intersection of CHURCH ST and 18TH ST,8,Mission Dolores,"(37.7612895823341, -122.428354118317)",Voice In,
34,6494858,11/04/2016 08:01:01 AM,11/04/2016 08:25:20 AM,11/04/2016 08:25:20 AM,Closed,Scheduled -,Clear Channel - Transit Queue,Graffiti Public Property,Not_Offensive Graffiti on Public Property,Transit_Shelter_Platform - Not_Offensive,Intersection of 18TH ST and CHURCH ST,8,Mission Dolores,"(37.7612895823341, -122.428354118317)",Open311,http://mobile311.sfgov.org/media/san_francisco/report/photos/581ca2a3df86cc04d86e6b19/report.jpg
35,6493023,11/03/2016 02:23:56 PM,11/04/2016 07:21:46 AM,11/04/2016 07:21:46 AM,Closed,Scheduled -,Clear Channel - Transit Queue,Graffiti Public Property,Not_Offensive Graffiti on Public Property,Transit_Shelter_Platform - Not_Offensive,"3803 18TH ST, SAN FRANCISCO, CA, 94114",8,Dolores Heights,"(37.761161068222, -122.428524351928)",Open311,http://mobile311.sfgov.org/media/san_francisco/report/photos/581baae0df86cc04d86e5177/report.jpg
36,6484769,11/01/2016 02:07:05 PM,11/02/2016 05:52:07 AM,11/02/2016 05:52:07 AM,Closed,Scheduled -,Clear Channel - Transit Queue,Graffiti Public Property,Offensive Graffiti on Public Property,Transit_Shelter_Platform - Offensive,Intersection of 18TH ST and CHURCH ST,8,Mission Dolores,"(37.7612895823341, -122.428354118317)",Voice In,
37,6484757,11/01/2016 02:05:05 PM,11/02/2016 05:51:59 AM,11/02/2016 05:51:59 AM,Closed,Scheduled -,Clear Channel - Transit Queue,Graffiti Public Property,Not_Offensive Graffiti on Public Property,Transit_Shelter_Platform - Not_Offensive,Intersection of 18TH ST and CHURCH ST,8,Mission Dolores,"(37.7612895823341, -122.428354118317)",Voice In,
38,6476216,10/30/2016 12:37:48 PM,10/31/2016 05:46:04 AM,10/31/2016 05:46:04 AM,Closed,Scheduled -,Clear Channel - Transit Queue,Graffiti Public Property,Not_Offensive Graffiti on Public Property,Transit_Shelter_Platform - Not_Offensive,"3803 18TH ST, SAN FRANCISCO, CA, 94114",8,Dolores Heights,"(37.761161068222, -122.428524351928)",Open311,
39,6473197,10/29/2016 09:04:43 AM,10/31/2016 06:48:06 AM,10/31/2016 06:48:06 AM,Closed,Scheduled -,Clear Channel - Transit Queue,Graffiti Public Property,Not_Offensive Graffiti on Public Property,Transit_Shelter_Platform - Not_Offensive,Intersection of 18TH ST and CHURCH ST,8,Mission Dolores,"(37.7612895823341, -122.428354118317)",Open311,http://mobile311.sfgov.org/media/san_francisco/report/photos/5814c894df86e28c84529542/report.jpg
40,6473189,10/29/2016 09:03:10 AM,10/31/2016 06:47:48 AM,10/31/2016 06:47:48 AM,Closed,Scheduled -,Clear Channel - Transit Queue,Graffiti Private Property,Not_Offensive Graffiti on Private Property,Sidewalk_in_front_of_property - Not_Offensive,"620 CHURCH ST, SAN FRANCISCO, CA, 94114",8,Dolores Heights,"(37.760964722895, -122.428483692116)",Open311,http://mobile311.sfgov.org/media/san_francisco/report/photos/5814c838df86e28c84529528/report.jpg
41,6470075,10/28/2016 09:07:16 AM,10/31/2016 07:15:36 AM,10/31/2016 07:15:36 AM,Closed,Scheduled -,Clear Channel - Transit Queue,Graffiti Public Property,Not_Offensive Graffiti on Public Property,Transit_Shelter_Platform - Not_Offensive,Intersection of 18TH ST and CHURCH ST,8,Mission Dolores,"(37.7612895823341, -122.428354118317)",Open311,http://mobile311.sfgov.org/media/san_francisco/report/photos/581377addf86e28c84527787/report.jpg
42,6470039,10/28/2016 09:01:34 AM,10/31/2016 07:17:47 AM,10/31/2016 07:17:47 AM,Closed,Scheduled -,Clear Channel - Transit Queue,Graffiti Public Property,Not_Offensive Graffiti on Public Property,Transit_Shelter_Platform - Not_Offensive,Intersection of 18TH ST and CHURCH ST,8,Mission Dolores,"(37.7612895823341, -122.428354118317)",Open311,http://mobile311.sfgov.org/media/san_francisco/report/photos/58137656df86e28c8452772a/report.jpg
43,6467607,10/27/2016 12:35:06 PM,10/27/2016 01:10:40 PM,10/27/2016 01:10:40 PM,Closed,Scheduled -,Clear Channel - Transit Queue,Graffiti Public Property,Not_Offensive Graffiti on Public Property,Transit_Shelter_Platform - Not_Offensive,Intersection of 18TH ST and CHURCH ST,8,Mission Dolores,"(37.7612895823341, -122.428354118317)",Open311,http://mobile311.sfgov.org/media/san_francisco/report/photos/581256e3df86e28c84525dd2/report.jpg
44,6467582,10/27/2016 12:28:38 PM,10/27/2016 12:31:30 PM,10/27/2016 12:31:30 PM,Closed,Scheduled -,Clear Channel - Transit Queue,Graffiti Public Property,Not_Offensive Graffiti on Public Property,Transit_Shelter_Platform - Not_Offensive,Intersection of 18TH ST and CHURCH ST,8,Mission Dolores,"(37.7612895823341, -122.428354118317)",Open311,http://mobile311.sfgov.org/media/san_francisco/report/photos/58125560df86e28c84525d34/report.jpg
45,6466571,10/27/2016 09:34:51 AM,11/08/2016 11:13:56 AM,11/08/2016 11:13:56 AM,Closed,Case Transferred -,SFMTA - Muni System Feedback Queue,Graffiti Public Property,Offensive Graffiti on Public Property,Other_enter_additional_details_below - Offensive,Intersection of 18TH ST and CHURCH ST,8,Mission Dolores,"(37.7612895823341, -122.428354118317)",Open311,http://mobile311.sfgov.org/media/san_francisco/report/photos/58122ca4df8678d390678db6/report.jpg
46,6466533,10/27/2016 09:26:19 AM,10/27/2016 11:11:32 AM,10/27/2016 11:11:32 AM,Closed,Case Resolved -,DPW Ops Queue,Graffiti Public Property,Offensive Graffiti on Public Property,Pole - Offensive,"602 CHURCH ST, SAN FRANCISCO, CA, 94114",8,Dolores Heights,"(37.761230195726, -122.428417810621)",Open311,http://mobile311.sfgov.org/media/san_francisco/report/photos/58122aa3df8678d390678d07/report.jpg
47,6466528,10/27/2016 09:25:43 AM,10/27/2016 12:39:38 PM,10/27/2016 12:39:38 PM,Closed,Scheduled -,Clear Channel - Transit Queue,Graffiti Public Property,Not_Offensive Graffiti on Public Property,Transit_Shelter_Platform - Not_Offensive,Intersection of 18TH ST and CHURCH ST,8,Mission Dolores,"(37.7612895823341, -122.428354118317)",Open311,http://mobile311.sfgov.org/media/san_francisco/report/photos/58122a7fdf8678d390678cd6/report.jpg
48,6466520,10/27/2016 09:24:49 AM,10/27/2016 11:11:23 AM,10/27/2016 11:11:23 AM,Closed,Case Resolved -,DPW Ops Queue,Graffiti Public Property,Not_Offensive Graffiti on Public Property,Signal_box - Not_Offensive,Intersection of 18TH ST and CHURCH ST,8,Mission Dolores,"(37.7612895823341, -122.428354118317)",Open311,http://mobile311.sfgov.org/media/san_francisco/report/photos/58122a46df8678d390678cb3/report.jpg
49,6466406,10/27/2016 09:06:30 AM,10/27/2016 12:39:26 PM,10/27/2016 12:39:26 PM,Closed,Scheduled -,Clear Channel - Transit Queue,Graffiti Public Property,Offensive Graffiti on Public Property,Transit_Shelter_Platform - Offensive,"3803 18TH ST, SAN FRANCISCO, CA, 94114",8,Dolores Heights,"(37.761161068222, -122.428524351928)",Open311,http://mobile311.sfgov.org/media/san_francisco/report/photos/58122600df8678d390678b2d/report.jpg
50,6466386,10/27/2016 09:03:36 AM,11/02/2016 10:30:21 PM,11/02/2016 10:30:21 PM,Closed,Case Transferred - Per process - cases are closed 5 days after assignment.,311 Service Request Queue - Hold,Graffiti Public Property,Offensive Graffiti on Public Property,Other_enter_additional_details_below - Offensive,Intersection of 18TH ST and CHURCH ST,8,Mission Dolores,"(37.7612895823341, -122.428354118317)",Open311,http://mobile311.sfgov.org/media/san_francisco/report/photos/5812254fdf8678d390678af1/report.jpg
51,6462182,10/26/2016 07:58:17 AM,10/26/2016 11:54:52 AM,10/26/2016 11:54:52 AM,Closed,Scheduled -,Clear Channel - Transit Queue,Graffiti Public Property,Not_Offensive Graffiti on Public Property,Transit_Shelter_Platform - Not_Offensive,"3803 18TH ST, SAN FRANCISCO, CA, 94114",8,Dolores Heights,"(37.761161068222, -122.428524351928)",Open311,http://mobile311.sfgov.org/media/san_francisco/report/photos/5810c482df86182d009ca46e/report.jpg
52,6461601,10/25/2016 09:47:03 PM,10/26/2016 11:59:39 AM,10/26/2016 11:59:39 AM,Closed,Scheduled -,Clear Channel - Transit Queue,Graffiti Public Property,Offensive Graffiti on Public Property,Transit_Shelter_Platform - Offensive,"3803 18TH ST, SAN FRANCISCO, CA, 94114",8,Dolores Heights,"(37.761161068222, -122.428524351928)",Open311,http://mobile311.sfgov.org/media/san_francisco/report/photos/58103541df86182d009c9d74/report.jpg
53,6458087,10/25/2016 08:16:45 AM,10/26/2016 12:36:57 PM,10/26/2016 12:36:57 PM,Closed,Scheduled -,Clear Channel - Transit Queue,Graffiti Public Property,Not_Offensive Graffiti on Public Property,Transit_Shelter_Platform - Not_Offensive,"3803 18TH ST, SAN FRANCISCO, CA, 94114",8,Dolores Heights,"(37.761161068222, -122.428524351928)",Open311,http://mobile311.sfgov.org/media/san_francisco/report/photos/580f7744df86182d009c7589/report.jpg
54,6441823,10/20/2016 11:46:54 AM,10/20/2016 12:39:02 PM,10/20/2016 12:39:02 PM,Closed,Scheduled -,Clear Channel - Transit Queue,Graffiti Public Property,Not_Offensive Graffiti on Public Property,Transit_Shelter_Platform - Not_Offensive,Intersection of CHURCH ST and 18TH ST,8,Mission Dolores,"(37.7612895823341, -122.428354118317)",Voice In,
55,6438369,10/19/2016 02:05:33 PM,10/20/2016 12:49:06 PM,10/20/2016 12:49:06 PM,Closed,Scheduled -,Clear Channel - Transit Queue,Graffiti Public Property,Not_Offensive Graffiti on Public Property,Transit_Shelter_Platform - Not_Offensive,Intersection of 18TH ST and CHURCH ST,8,Mission Dolores,"(37.7612895823341, -122.428354118317)",Open311,http://mobile311.sfgov.org/media/san_francisco/report/photos/5807e014df8621d231674df5/report.jpg
56,6423145,10/15/2016 09:13:03 AM,10/18/2016 01:35:16 AM,10/18/2016 01:35:16 AM,Closed,Case Resolved - 10-98,DPW Ops Queue,Graffiti Public Property,Not_Offensive Graffiti on Public Property,City_receptacle - Not_Offensive,Intersection of 18TH ST and CHURCH ST,8,Mission Dolores,"(37.7612895823341, -122.428354118317)",Open311,http://mobile311.sfgov.org/media/san_francisco/report/photos/58025583df86a4d950d40e4c/report.jpg
57,6423143,10/15/2016 09:12:23 AM,10/17/2016 06:17:18 AM,10/17/2016 06:17:18 AM,Closed,Scheduled -,Clear Channel - Transit Queue,Graffiti Public Property,Not_Offensive Graffiti on Public Property,Transit_Shelter_Platform - Not_Offensive,"3803 18TH ST, SAN FRANCISCO, CA, 94114",8,Dolores Heights,"(37.761161068222, -122.428524351928)",Open311,http://mobile311.sfgov.org/media/san_francisco/report/photos/5802555edf86a4d950d40e3c/report.jpg
58,6405645,10/11/2016 08:17:35 AM,10/18/2016 05:04:56 AM,10/18/2016 05:04:56 AM,Closed,Case Resolved -,DPW Ops Queue,Graffiti Public Property,Not_Offensive Graffiti on Public Property,Signal_box - Not_Offensive,Intersection of 18TH ST and CHURCH ST,8,Mission Dolores,"(37.7612895823341, -122.428354118317)",Open311,http://mobile311.sfgov.org/media/san_francisco/report/photos/57fd0288df866a3865f3e966/report.jpg
59,6405634,10/11/2016 08:15:56 AM,10/18/2016 05:54:20 AM,10/18/2016 05:54:20 AM,Closed,Case Resolved - 10-98,DPW Ops Queue,Graffiti Public Property,Not_Offensive Graffiti on Public Property,City_receptacle - Not_Offensive,Intersection of 18TH ST and CHURCH ST,8,Mission Dolores,"(37.7612895823341, -122.428354118317)",Open311,http://mobile311.sfgov.org/media/san_francisco/report/photos/57fd0225df866a3865f3e92b/report.jpg
60,6402009,10/10/2016 08:57:30 AM,10/18/2016 05:12:40 AM,10/18/2016 05:12:40 AM,Closed,Case Resolved - SES Graffiti Crew  - Paint - Box - Small Signal Light,DPW Ops Queue,Graffiti Public Property,Not_Offensive Graffiti on Public Property,Signal_box - Not_Offensive,"586 CHURCH ST, SAN FRANCISCO, CA, 94114",8,Mission Dolores,"(37.761469775816, -122.428569714336)",Open311,http://mobile311.sfgov.org/media/san_francisco/report/photos/57fbba62df866a3865f3c6d4/report.jpg
61,6401919,10/10/2016 08:40:31 AM,10/10/2016 12:55:10 PM,10/10/2016 12:55:10 PM,Closed,Scheduled -,Clear Channel - Transit Queue,Graffiti Public Property,Not_Offensive Graffiti on Public Property,Transit_Shelter_Platform - Not_Offensive,"3803 18TH ST, SAN FRANCISCO, CA, 94114",8,Dolores Heights,"(37.761161068222, -122.428524351928)",Open311,http://mobile311.sfgov.org/media/san_francisco/report/photos/57fbb666df866a3865f3c60a/report.jpg
62,6401914,10/10/2016 08:40:03 AM,,10/21/2016 10:15:29 AM,Open,sent,DPT Paint Shop Pavement Queue,Graffiti Private Property,Not_Offensive Graffiti on Private Property,Sidewalk_in_front_of_property - Not_Offensive,"3803 18TH ST, SAN FRANCISCO, CA, 94114",8,Dolores Heights,"(37.761161068222, -122.428524351928)",Open311,http://mobile311.sfgov.org/media/san_francisco/report/photos/57fbb64bdf866a3865f3c5f5/report.jpg
63,6399141,10/09/2016 08:11:50 AM,11/08/2016 11:10:47 AM,11/08/2016 11:10:47 AM,Closed,Case Resolved -,DPW Ops Queue,Graffiti Private Property,Not_Offensive Graffiti on Private Property,Sidewalk_in_front_of_property - Not_Offensive,"3803 18TH ST, SAN FRANCISCO, CA, 94114",8,Dolores Heights,"(37.761161068222, -122.428524351928)",Open311,http://mobile311.sfgov.org/media/san_francisco/report/photos/57fa5e2ddf866a3865f3a6b1/report.jpg
64,6391753,10/06/2016 04:57:04 PM,10/18/2016 05:34:04 AM,10/18/2016 05:34:04 AM,Closed,Case Resolved - SES Graffiti Crew  - Paint - Box - Big Signal Light,DPW Ops Queue,Graffiti Public Property,Not_Offensive Graffiti on Public Property,Signal_box - Not_Offensive,"584 CHURCH ST, SAN FRANCISCO, CA, 94114",8,Mission Dolores,"(37.761528117756, -122.428446513619)",Open311,http://mobile311.sfgov.org/media/san_francisco/report/photos/57f6e4c8df86995f492dfbcc/report.jpg
65,6370989,10/01/2016 08:08:14 AM,10/03/2016 06:19:50 AM,10/03/2016 06:19:50 AM,Closed,Scheduled -,Clear Channel - Transit Queue,Graffiti Public Property,Not_Offensive Graffiti on Public Property,Transit_Shelter_Platform - Not_Offensive,Intersection of 18TH ST and CHURCH ST,8,Mission Dolores,"(37.7612895823341, -122.428354118317)",Open311,http://mobile311.sfgov.org/media/san_francisco/report/photos/57efd157df864ddb300adf5d/report.jpg
66,6365609,09/29/2016 03:37:26 PM,10/18/2016 05:43:19 AM,10/18/2016 05:43:19 AM,Closed,Case Resolved - SES Graffiti Crew  - Paint - Box - Sub Panel - High Voltage,DPW Ops Queue,Graffiti Public Property,Not_Offensive Graffiti on Public Property,Signal_box - Not_Offensive,Intersection of 18TH ST and CHURCH ST,8,Mission Dolores,"(37.7612895823341, -122.428354118317)",Open311,http://mobile311.sfgov.org/media/san_francisco/report/photos/57ed979edf864ddb300aacf6/report.jpg
67,6363214,09/29/2016 08:34:10 AM,09/29/2016 01:06:19 PM,09/29/2016 01:06:19 PM,Closed,Scheduled -,Clear Channel - Transit Queue,Graffiti Public Property,Not_Offensive Graffiti on Public Property,Transit_Shelter_Platform - Not_Offensive,Intersection of 18TH ST and CHURCH ST,8,Mission Dolores,"(37.7612895823341, -122.428354118317)",Open311,http://mobile311.sfgov.org/media/san_francisco/report/photos/57ed346adf8624b637eb5490/report.jpg
68,6348324,09/25/2016 11:27:02 AM,09/27/2016 04:58:06 AM,09/27/2016 04:58:06 AM,Closed,Scheduled -,Clear Channel - Transit Queue,Graffiti Public Property,Not_Offensive Graffiti on Public Property,Transit_Shelter_Platform - Not_Offensive,"3803 18TH ST, SAN FRANCISCO, CA, 94114",8,Dolores Heights,"(37.761161068222, -122.428524351928)",Open311,http://mobile311.sfgov.org/media/san_francisco/report/photos/57e816eedf86db2fa2bd272d/report.jpg
69,6338515,09/22/2016 09:12:42 AM,10/17/2016 09:06:15 PM,10/17/2016 09:06:15 PM,Closed,Case Resolved - SES Graffiti Crew  - Paint - Box - Big Signal Light,DPW Ops Queue,Graffiti Public Property,Not_Offensive Graffiti on Public Property,Signal_box - Not_Offensive,Intersection of 18TH ST and CHURCH ST,8,Mission Dolores,"(37.7612895823341, -122.428354118317)",Open311,http://mobile311.sfgov.org/media/san_francisco/report/photos/57e402f2df86db2fa2bcbf7f/report.jpg
70,6335168,09/21/2016 10:58:47 AM,09/21/2016 12:36:32 PM,09/21/2016 12:36:32 PM,Closed,Scheduled -,Clear Channel - Transit Queue,Graffiti Public Property,Not_Offensive Graffiti on Public Property,Transit_Shelter_Platform - Not_Offensive,Intersection of 18TH ST and CHURCH ST,8,Mission Dolores,"(37.7612895823341, -122.428354118317)",Voice In,
71,6334509,09/21/2016 09:17:29 AM,10/17/2016 09:13:12 PM,10/17/2016 09:13:12 PM,Closed,Case Resolved - SES Graffiti Crew  - Clean using chemicals - Structure - Sidewalk,DPW Ops Queue,Graffiti Private Property,Not_Offensive Graffiti on Private Property,Sidewalk_in_front_of_property - Not_Offensive,"574 CHURCH ST, SAN FRANCISCO, CA, 94114",8,Mission Dolores,"(37.761658486097, -122.428633537578)",Open311,http://mobile311.sfgov.org/media/san_francisco/report/photos/57e2b291df86db2fa2bc940b/report.jpg
72,6334493,09/21/2016 09:15:24 AM,10/17/2016 09:13:09 PM,10/17/2016 09:13:09 PM,Closed,Case Resolved - duplicate,DPW Ops Queue,Graffiti Private Property,Not_Offensive Graffiti on Private Property,Sidewalk_in_front_of_property - Not_Offensive,"584 CHURCH ST, SAN FRANCISCO, CA, 94114",8,Mission Dolores,"(37.761528117756, -122.428446513619)",Open311,http://mobile311.sfgov.org/media/san_francisco/report/photos/57e2b212df86db2fa2bc93dd/report.jpg
73,6333085,09/20/2016 06:04:31 PM,09/21/2016 07:27:22 AM,09/21/2016 07:27:22 AM,Closed,Scheduled -,Clear Channel - Transit Queue,Graffiti Public Property,Offensive Graffiti on Public Property,Transit_Shelter_Platform - Offensive,Intersection of 18TH ST and CHURCH ST,8,Mission Dolores,"(37.7612895823341, -122.428354118317)",Open311,http://mobile311.sfgov.org/media/san_francisco/report/photos/57e1dc94df86db2fa2bc81a2/report.jpg
74,6305067,09/13/2016 08:58:59 AM,09/13/2016 01:06:13 PM,09/13/2016 01:06:13 PM,Closed,Scheduled -,Clear Channel - Transit Queue,Graffiti Public Property,Not_Offensive Graffiti on Public Property,Transit_Shelter_Platform - Not_Offensive,"3803 18TH ST, SAN FRANCISCO, CA, 94114",8,Dolores Heights,"(37.761161068222, -122.428524351928)",Open311,http://mobile311.sfgov.org/media/san_francisco/report/photos/57d8223ddf867fac87120057/report.jpg
75,6298173,09/11/2016 09:27:41 AM,09/12/2016 07:15:08 AM,09/12/2016 07:15:08 AM,Closed,Scheduled -,Clear Channel - Transit Queue,Graffiti Public Property,Offensive Graffiti on Public Property,Transit_Shelter_Platform - Offensive,Intersection of 18TH ST and CHURCH ST,8,Mission Dolores,"(37.7612895823341, -122.428354118317)",Open311,http://mobile311.sfgov.org/media/san_francisco/report/photos/57d585f6df86af3554115e90/report.jpg
76,6298165,09/11/2016 09:25:56 AM,09/12/2016 07:15:26 AM,09/12/2016 07:15:26 AM,Closed,Scheduled -,Clear Channel - Transit Queue,Graffiti Public Property,Not_Offensive Graffiti on Public Property,Transit_Shelter_Platform - Not_Offensive,"3803 18TH ST, SAN FRANCISCO, CA, 94114",8,Dolores Heights,"(37.761161068222, -122.428524351928)",Open311,http://mobile311.sfgov.org/media/san_francisco/report/photos/57d5858ddf86af3554115e53/report.jpg
77,6298121,09/11/2016 09:12:37 AM,09/12/2016 07:16:01 AM,09/12/2016 07:16:01 AM,Closed,Scheduled -,Clear Channel - Transit Queue,Graffiti Public Property,Not_Offensive Graffiti on Public Property,Transit_Shelter_Platform - Not_Offensive,Intersection of 18TH ST and CHURCH ST,8,Mission Dolores,"(37.7612895823341, -122.428354118317)",Open311,http://mobile311.sfgov.org/media/san_francisco/report/photos/57d58267df86af3554115d3e/report.jpg
78,6295680,09/10/2016 09:41:18 AM,10/18/2016 01:55:10 AM,10/18/2016 01:55:10 AM,Closed,Case Resolved - emailed to ATT,DPW Ops Queue,Graffiti Public Property,Not_Offensive Graffiti on Public Property,Signal_box - Not_Offensive,Intersection of 18TH ST and CHURCH ST,8,Mission Dolores,"(37.7612895823341, -122.428354118317)",Open311,http://mobile311.sfgov.org/media/san_francisco/report/photos/57d437a6df86af3554113906/report.jpg
79,6295621,09/10/2016 09:22:35 AM,10/18/2016 01:49:18 AM,10/18/2016 01:49:18 AM,Closed,Case Resolved - 9/11/16 inspected property no graffiti found.gd,DPW Ops Queue,Graffiti Private Property,Not_Offensive Graffiti on Private Property,Sidewalk_in_front_of_property - Not_Offensive,Intersection of 18TH ST and CHURCH ST,8,Mission Dolores,"(37.7612895823341, -122.428354118317)",Open311,http://mobile311.sfgov.org/media/san_francisco/report/photos/57d43345df86af3554113841/report.jpg
80,6292254,09/09/2016 09:56:50 AM,10/18/2016 02:10:53 AM,10/18/2016 02:10:53 AM,Closed,Case Resolved - SES Graffiti Crew  - Clean using chemicals - Structure - Sidewalk,DPW Ops Queue,Graffiti Private Property,Not_Offensive Graffiti on Private Property,Sidewalk_in_front_of_property - Not_Offensive,Intersection of 18TH ST and CHURCH ST,8,Mission Dolores,"(37.7612895823341, -122.428354118317)",Open311,http://mobile311.sfgov.org/media/san_francisco/report/photos/57d2e9ccdf86af3554111273/report.jpg
81,6291871,09/09/2016 08:59:31 AM,10/18/2016 12:18:33 AM,10/18/2016 12:18:33 AM,Closed,Case Resolved - sent,DPW Ops Queue,Graffiti Public Property,Not_Offensive Graffiti on Public Property,Signal_box - Not_Offensive,Intersection of 18TH ST and CHURCH ST,8,Mission Dolores,"(37.7612895823341, -122.428354118317)",Open311,http://mobile311.sfgov.org/media/san_francisco/report/photos/57d2dc5cdf86af3554110d9a/report.jpg
82,6291738,09/09/2016 08:37:53 AM,10/18/2016 02:13:15 AM,10/18/2016 02:13:15 AM,Closed,Case Resolved - SES Graffiti Crew  - Removed Stickers - Pole - Signal Light,DPW Ops Queue,Graffiti Public Property,Offensive Graffiti on Public Property,Pole - Offensive,Intersection of 18TH ST and CHURCH ST,8,Mission Dolores,"(37.7612895823341, -122.428354118317)",Open311,http://mobile311.sfgov.org/media/san_francisco/report/photos/57d2d748df86af3554110bdd/report.jpg
83,6291736,09/09/2016 08:36:58 AM,09/09/2016 08:54:14 AM,09/09/2016 08:54:14 AM,Closed,Scheduled -,Clear Channel - Transit Queue,Graffiti Public Property,Not_Offensive Graffiti on Public Property,Transit_Shelter_Platform - Not_Offensive,Intersection of 18TH ST and CHURCH ST,8,Mission Dolores,"(37.7612895823341, -122.428354118317)",Open311,http://mobile311.sfgov.org/media/san_francisco/report/photos/57d2d714df86af3554110bcd/report.jpg
84,6288015,09/08/2016 09:48:39 AM,09/08/2016 01:13:05 PM,09/08/2016 01:13:05 PM,Closed,Case is a Duplicate -,Clear Channel - Transit Queue,Graffiti Public Property,Not_Offensive Graffiti on Public Property,Transit_Shelter_Platform - Not_Offensive,Intersection of 18TH ST and CHURCH ST,8,Mission Dolores,"(37.7612895823341, -122.428354118317)",Open311,http://mobile311.sfgov.org/media/san_francisco/report/photos/57d1965ddf86af355410e227/report.jpg
85,6287828,09/08/2016 09:17:06 AM,,09/15/2016 12:46:57 PM,Open,Open,RPD NSA Queue,Graffiti Public Property,Offensive Graffiti on Public Property,Other_enter_additional_details_below - Offensive,Intersection of 18TH ST and CHURCH ST,8,Mission Dolores,"(37.7612895823341, -122.428354118317)",Open311,http://mobile311.sfgov.org/media/san_francisco/report/photos/57d18efbdf86af355410df28/report.jpg
86,6287804,09/08/2016 09:13:31 AM,,09/15/2016 12:47:37 PM,Open,Open,RPD NSA Queue,Graffiti Public Property,Offensive Graffiti on Public Property,Other_enter_additional_details_below - Offensive,"3803 18TH ST, SAN FRANCISCO, CA, 94114",8,Dolores Heights,"(37.761161068222, -122.428524351928)",Open311,http://mobile311.sfgov.org/media/san_francisco/report/photos/57d18e24df86af355410ded4/report.jpg
87,6287734,09/08/2016 09:01:00 AM,11/03/2016 10:10:51 AM,11/03/2016 10:10:51 AM,Closed,Case Resolved - SES Graffiti Crew  - Removed Stickers - Pole - Signal Light,DPW Ops Queue,Graffiti Public Property,Offensive Graffiti on Public Property,Other_enter_additional_details_below - Offensive,Intersection of 18TH ST and CHURCH ST,8,Mission Dolores,"(37.7612895823341, -122.428354118317)",Open311,http://mobile311.sfgov.org/media/san_francisco/report/photos/57d18b34df86af355410ddd4/report.jpg
88,6287730,09/08/2016 09:00:19 AM,10/17/2016 08:21:33 PM,10/17/2016 08:21:33 PM,Closed,Case Resolved -,DPW Ops Queue,Graffiti Public Property,Offensive Graffiti on Public Property,Signal_box - Offensive,Intersection of 18TH ST and CHURCH ST,8,Mission Dolores,"(37.7612895823341, -122.428354118317)",Open311,http://mobile311.sfgov.org/media/san_francisco/report/photos/57d18b0cdf86af355410ddba/report.jpg
89,6287686,09/08/2016 08:54:37 AM,09/08/2016 01:21:49 PM,09/08/2016 01:21:49 PM,Closed,Scheduled -,Clear Channel - Transit Queue,Graffiti Public Property,Not_Offensive Graffiti on Public Property,Transit_Shelter_Platform - Not_Offensive,Intersection of 18TH ST and CHURCH ST,8,Mission Dolores,"(37.7612895823341, -122.428354118317)",Open311,http://mobile311.sfgov.org/media/san_francisco/report/photos/57d189b6df86af355410dd40/report.jpg
90,6286329,09/07/2016 05:18:02 PM,09/11/2016 10:10:38 AM,09/11/2016 10:10:38 AM,Closed,Case Resolved -,DPW Ops Queue,Graffiti Public Property,Not_Offensive Graffiti on Public Property,Pole - Not_Offensive,Intersection of 18TH ST and CHURCH ST,8,Mission Dolores,"(37.7612895823341, -122.428354118317)",Open311,http://mobile311.sfgov.org/media/san_francisco/report/photos/57d0ae2cdf8635fe5c116b22/report.jpg
91,6283675,09/07/2016 09:39:29 AM,09/07/2016 10:36:43 AM,09/07/2016 10:36:43 AM,Closed,Scheduled -,Clear Channel - Transit Queue,Graffiti Public Property,Not_Offensive Graffiti on Public Property,Transit_Shelter_Platform - Not_Offensive,Intersection of 18TH ST and CHURCH ST,8,Mission Dolores,"(37.7612895823341, -122.428354118317)",Open311,http://mobile311.sfgov.org/media/san_francisco/report/photos/57d042b9df8635fe5c114e57/report.jpg
92,6283663,09/07/2016 09:37:50 AM,09/08/2016 11:23:29 AM,09/08/2016 11:23:29 AM,Closed,Case Transferred -,MUNI Work Queue,Graffiti Public Property,Offensive Graffiti on Public Property,Other_enter_additional_details_below - Offensive,Intersection of 18TH ST and CHURCH ST,8,Mission Dolores,"(37.7612895823341, -122.428354118317)",Open311,http://mobile311.sfgov.org/media/san_francisco/report/photos/57d04254df8635fe5c114e2e/report.jpg
93,6283152,09/07/2016 08:30:07 AM,10/17/2016 08:32:27 PM,10/17/2016 08:32:27 PM,Closed,Case Resolved -,DPW Ops Queue,Graffiti Public Property,Not_Offensive Graffiti on Public Property,Signal_box - Not_Offensive,Intersection of 18TH ST and CHURCH ST,8,Mission Dolores,"(37.7612895823341, -122.428354118317)",Open311,http://mobile311.sfgov.org/media/san_francisco/report/photos/57d03278df8635fe5c114754/report.jpg
94,6278701,09/06/2016 09:28:27 AM,10/17/2016 08:05:06 PM,10/17/2016 08:05:06 PM,Closed,Case Resolved - done,DPW Ops Queue,Graffiti Public Property,Not_Offensive Graffiti on Public Property,Signal_box - Not_Offensive,Intersection of 18TH ST and CHURCH ST,8,Mission Dolores,"(37.7612895823341, -122.428354118317)",Open311,http://mobile311.sfgov.org/media/san_francisco/report/photos/57ceeea2df8635fe5c111301/report.jpg
95,6278210,09/06/2016 08:28:50 AM,10/17/2016 07:17:52 PM,10/17/2016 07:17:52 PM,Closed,Case Resolved - this request need to be assigned to the Graffiti PVT,DPW Ops Queue,Graffiti Private Property,Not_Offensive Graffiti on Private Property,Sidewalk_in_front_of_property - Not_Offensive,"3803 18TH ST, SAN FRANCISCO, CA, 94114",8,Dolores Heights,"(37.761161068222, -122.428524351928)",Open311,http://mobile311.sfgov.org/media/san_francisco/report/photos/57cee0abdf8635fe5c110c8a/report.jpg
96,6278195,09/06/2016 08:27:14 AM,,12/01/2016 05:43:51 PM,Open,Open,SFMTA - Muni System Feedback Queue,Graffiti Public Property,Offensive Graffiti on Public Property,Other_enter_additional_details_below - Offensive,Intersection of 18TH ST and CHURCH ST,8,Mission Dolores,"(37.7612895823341, -122.428354118317)",Open311,http://mobile311.sfgov.org/media/san_francisco/report/photos/57cee04adf8635fe5c110c61/report.jpg
97,6275848,09/05/2016 09:22:36 AM,,09/09/2016 12:05:47 PM,Open,sent,DPT Paint Shop Curb Queue,Graffiti Private Property,Not_Offensive Graffiti on Private Property,Sidewalk_in_front_of_property - Not_Offensive,Intersection of 18TH ST and CHURCH ST,8,Mission Dolores,"(37.7612895823341, -122.428354118317)",Open311,http://mobile311.sfgov.org/media/san_francisco/report/photos/57cd9bc6df8635fe5c10edbd/report.jpg
98,6275840,09/05/2016 09:20:44 AM,09/06/2016 07:57:49 AM,09/06/2016 07:57:49 AM,Closed,Scheduled -,Clear Channel - Transit Queue,Graffiti Public Property,Offensive Graffiti on Public Property,Transit_Shelter_Platform - Offensive,Intersection of 18TH ST and CHURCH ST,8,Mission Dolores,"(37.7612895823341, -122.428354118317)",Open311,http://mobile311.sfgov.org/media/san_francisco/report/photos/57cd9b56df8635fe5c10edb2/report.jpg
99,6275831,09/05/2016 09:18:15 AM,10/12/2016 10:39:51 AM,10/12/2016 10:39:51 AM,Closed,"Case Resolved - Done 09/19/16, JCT.",DPT Paint Shop Curb Queue,Graffiti Private Property,Not_Offensive Graffiti on Private Property,Sidewalk_in_front_of_property - Not_Offensive,Intersection of 18TH ST and CHURCH ST,8,Mission Dolores,"(37.7612895823341, -122.428354118317)",Open311,http://mobile311.sfgov.org/media/san_francisco/report/photos/57cd9ac0df8635fe5c10ed97/report.jpg
100,6264036,09/01/2016 10:00:10 AM,10/18/2016 02:14:44 AM,10/18/2016 02:14:44 AM,Closed,Case Resolved - looks like construction marking,DPW Ops Queue,Graffiti Private Property,Not_Offensive Graffiti on Private Property,Sidewalk_in_front_of_property - Not_Offensive,Intersection of 18TH ST and CHURCH ST,8,Mission Dolores,"(37.7612895823341, -122.428354118317)",Open311,http://mobile311.sfgov.org/media/san_francisco/report/photos/57c85e92df8605cb94d86c43/report.jpg
101,6263796,09/01/2016 09:25:43 AM,09/01/2016 12:15:00 PM,09/01/2016 12:15:00 PM,Closed,Scheduled -,Clear Channel - Transit Queue,Graffiti Public Property,Not_Offensive Graffiti on Public Property,Transit_Shelter_Platform - Not_Offensive,"3803 18TH ST, SAN FRANCISCO, CA, 94114",8,Dolores Heights,"(37.761161068222, -122.428524351928)",Open311,http://mobile311.sfgov.org/media/san_francisco/report/photos/57c8567fdf8605cb94d868fd/report.jpg
102,6263778,09/01/2016 09:24:09 AM,09/04/2016 11:11:19 AM,09/04/2016 11:11:19 AM,Closed,Case Resolved -,DPW Ops Queue,Graffiti Private Property,Not_Offensive Graffiti on Private Property,Sidewalk_in_front_of_property - Not_Offensive,Intersection of 18TH ST and CHURCH ST,8,Mission Dolores,"(37.7612895823341, -122.428354118317)",Open311,http://mobile311.sfgov.org/media/san_francisco/report/photos/57c85621df8605cb94d868bc/report.jpg
103,6254079,08/30/2016 09:30:13 AM,10/17/2016 07:10:17 PM,10/17/2016 07:10:17 PM,Closed,Case Resolved -,DPW Ops Queue,Graffiti Private Property,Offensive Graffiti on Private Property,Sidewalk_in_front_of_property - Offensive,Intersection of 18TH ST and CHURCH ST,8,Mission Dolores,"(37.7612895823341, -122.428354118317)",Open311,http://mobile311.sfgov.org/media/san_francisco/report/photos/57c5b48fdf8605cb94d80c91/report.jpg
104,6249661,08/29/2016 10:38:09 AM,10/17/2016 06:13:02 PM,10/17/2016 06:13:02 PM,Closed,Case Resolved - SES Graffiti Crew  - Clean using chemicals - Misc - Bus Stop Shelter,DPW Ops Queue,Graffiti Private Property,Offensive Graffiti on Private Property,Sidewalk_in_front_of_property - Offensive,Intersection of 18TH ST and CHURCH ST,8,Mission Dolores,"(37.7612895823341, -122.428354118317)",Open311,http://mobile311.sfgov.org/media/san_francisco/report/photos/57c472f8df86a0aa5fd9f590/report.jpg
105,6249633,08/29/2016 10:36:10 AM,11/05/2016 05:19:49 PM,11/05/2016 05:19:49 PM,Closed,Case Resolved - Per PSA manager,RPD Park Service Area 6 Queue,Graffiti Private Property,Not_Offensive Graffiti on Private Property,Sidewalk_in_front_of_property - Not_Offensive,"3803 18TH ST, SAN FRANCISCO, CA, 94114",8,Dolores Heights,"(37.761161068222, -122.428524351928)",Open311,http://mobile311.sfgov.org/media/san_francisco/report/photos/57c47281df86a0aa5fd9f57a/report.jpg
106,6249601,08/29/2016 10:31:25 AM,08/30/2016 06:02:29 AM,08/30/2016 06:02:29 AM,Closed,Scheduled -,Clear Channel - Transit Queue,Graffiti Public Property,Offensive Graffiti on Public Property,Transit_Shelter_Platform - Offensive,Intersection of 18TH ST and CHURCH ST,8,Mission Dolores,"(37.7612895823341, -122.428354118317)",Open311,http://mobile311.sfgov.org/media/san_francisco/report/photos/57c47165df86a0aa5fd9f508/report.jpg
107,6249559,08/29/2016 10:27:17 AM,10/17/2016 06:13:45 PM,10/17/2016 06:13:45 PM,Closed,Case Resolved -,DPW Ops Queue,Graffiti Public Property,Not_Offensive Graffiti on Public Property,Signal_box - Not_Offensive,"602 CHURCH ST, SAN FRANCISCO, CA, 94114",8,Dolores Heights,"(37.761230195726, -122.428417810621)",Open311,http://mobile311.sfgov.org/media/san_francisco/report/photos/57c4706cdf86a0aa5fd9f4a7/report.jpg
108,6249121,08/29/2016 09:29:18 AM,08/30/2016 06:05:31 AM,08/30/2016 06:05:31 AM,Closed,Scheduled -,Clear Channel - Transit Queue,Graffiti Public Property,Offensive Graffiti on Public Property,Transit_Shelter_Platform - Offensive,Intersection of 18TH ST and CHURCH ST,8,Mission Dolores,"(37.7612895823341, -122.428354118317)",Open311,http://mobile311.sfgov.org/media/san_francisco/report/photos/57c462d8df86a0aa5fd9efa3/report.jpg
109,6247795,08/28/2016 07:22:17 PM,,08/28/2016 08:37:40 PM,Open,accepted,DPW Ops Queue,Graffiti Private Property,Not_Offensive Graffiti on Private Property,Sidewalk_in_front_of_property - Not_Offensive,"3803 18TH ST, SAN FRANCISCO, CA, 94114",8,Dolores Heights,"(37.761161068222, -122.428524351928)",Open311,http://mobile311.sfgov.org/media/san_francisco/report/photos/57c39c51df86a0aa5fd9df8d/photo_20160828_192120.jpg
110,6240674,08/26/2016 09:43:25 AM,08/29/2016 12:11:23 PM,08/29/2016 12:11:23 PM,Closed,Case Resolved - SES Graffiti Crew  - Clean using chemicals - Structure - Sidewalk,DPW Ops Queue,Graffiti Private Property,Offensive Graffiti on Private Property,Sidewalk_in_front_of_property - Offensive,"3803 18TH ST, SAN FRANCISCO, CA, 94114",8,Dolores Heights,"(37.761161068222, -122.428524351928)",Open311,http://mobile311.sfgov.org/media/san_francisco/report/photos/57c071a7df86a0aa5fd99fcb/report.jpg
111,6240646,08/26/2016 09:39:36 AM,10/17/2016 06:44:50 PM,10/17/2016 06:44:50 PM,Closed,Case Resolved - SES Graffiti Crew  - Clean using chemicals - Property - MUNI,DPW Ops Queue,Graffiti Private Property,Offensive Graffiti on Private Property,Sidewalk_in_front_of_property - Offensive,"3803 18TH ST, SAN FRANCISCO, CA, 94114",8,Dolores Heights,"(37.761161068222, -122.428524351928)",Open311,http://mobile311.sfgov.org/media/san_francisco/report/photos/57c070c1df86a0aa5fd99f97/report.jpg
112,6240323,08/26/2016 08:48:15 AM,11/02/2016 09:38:51 AM,11/02/2016 09:38:51 AM,Closed,Case is a Duplicate -,RPD Park Patrol Queue,Graffiti Private Property,Not_Offensive Graffiti on Private Property,Building_other - Not_Offensive,"3803 18TH ST, SAN FRANCISCO, CA, 94114",8,Dolores Heights,"(37.761161068222, -122.428524351928)",Open311,http://mobile311.sfgov.org/media/san_francisco/report/photos/57c064b5df86a0aa5fd99c1a/report.jpg
113,6240304,08/26/2016 08:45:16 AM,09/27/2016 04:42:24 AM,09/27/2016 04:42:24 AM,Closed,Scheduled -,Clear Channel - Transit Queue,Graffiti Private Property,Offensive Graffiti on Private Property,Sidewalk_in_front_of_property - Offensive,"3803 18TH ST, SAN FRANCISCO, CA, 94114",8,Dolores Heights,"(37.761161068222, -122.428524351928)",Open311,http://mobile311.sfgov.org/media/san_francisco/report/photos/57c06406df86a0aa5fd99bf8/report.jpg
114,6238995,08/25/2016 05:20:40 PM,10/17/2016 05:34:37 PM,10/17/2016 05:34:37 PM,Closed,Case Resolved -,DPW Ops Queue,Graffiti Private Property,Offensive Graffiti on Private Property,Sidewalk_in_front_of_property - Offensive,Intersection of 18TH ST and CHURCH ST,8,Mission Dolores,"(37.7612895823341, -122.428354118317)",Voice In,
115,6237326,08/25/2016 12:10:40 PM,10/17/2016 05:40:21 PM,10/17/2016 05:40:21 PM,Closed,Case Resolved - 10-98 Completed (JO),DPW Ops Queue,Graffiti Public Property,Offensive Graffiti on Public Property,Fire_Police_Callbox - Offensive,Intersection of 18TH ST and CHURCH ST,8,Mission Dolores,"(37.7612895823341, -122.428354118317)",Open311,http://mobile311.sfgov.org/media/san_francisco/report/photos/57bf42a9df86899a7bfedfe4/report.jpg
116,6236474,08/25/2016 09:56:09 AM,10/17/2016 05:42:10 PM,10/17/2016 05:42:10 PM,Closed,Case Resolved - SES Graffiti Crew  - Clean using chemicals - Structure - Sidewalk,DPW Ops Queue,Graffiti Private Property,Offensive Graffiti on Private Property,Sidewalk_in_front_of_property - Offensive,"3803 18TH ST, SAN FRANCISCO, CA, 94114",8,Dolores Heights,"(37.761161068222, -122.428524351928)",Open311,http://mobile311.sfgov.org/media/san_francisco/report/photos/57bf2322df86899a7bfed7b7/report.jpg
117,6236109,08/25/2016 09:01:01 AM,09/29/2016 09:40:53 AM,09/29/2016 09:40:53 AM,Closed,Case Resolved - 9-28-16,SFMTA - G,Graffiti Public Property,Offensive Graffiti on Public Property,Other_enter_additional_details_below - Offensive,Intersection of 18TH ST and CHURCH ST,8,Mission Dolores,"(37.7612895823341, -122.428354118317)",Open311,http://mobile311.sfgov.org/media/san_francisco/report/photos/57bf1636df86899a7bfed39c/report.jpg
118,6236100,08/25/2016 08:58:32 AM,10/17/2016 05:43:37 PM,10/17/2016 05:43:37 PM,Closed,Case Resolved - 10/98,DPW Ops Queue,Graffiti Private Property,Not_Offensive Graffiti on Private Property,Sidewalk_in_front_of_property - Not_Offensive,"3813 18TH ST, SAN FRANCISCO, CA, 94114",8,Dolores Heights,"(37.761162144303, -122.428639514853)",Open311,http://mobile311.sfgov.org/media/san_francisco/report/photos/57bf15a2df86899a7bfed37c/report.jpg
119,6231555,08/24/2016 09:13:55 AM,09/13/2016 04:34:45 PM,09/13/2016 04:34:45 PM,Closed,Case Resolved - See notes.,Clear Channel - Transit Queue,Graffiti Public Property,Offensive Graffiti on Public Property,Transit_Shelter_Platform - Offensive,Intersection of 18TH ST and CHURCH ST,8,Mission Dolores,"(37.7612895823341, -122.428354118317)",Open311,http://mobile311.sfgov.org/media/san_francisco/report/photos/57bdc7bcdf86899a7bfea71d/report.jpg
120,6227852,08/23/2016 11:39:56 AM,08/23/2016 01:25:59 PM,08/23/2016 01:25:59 PM,Closed,Case is a Duplicate -,Clear Channel - Transit Queue,Graffiti Public Property,Offensive Graffiti on Public Property,Transit_Shelter_Platform - Offensive,"3803 18TH ST, SAN FRANCISCO, CA, 94114",8,Dolores Heights,"(37.761161068222, -122.428524351928)",Open311,http://mobile311.sfgov.org/media/san_francisco/report/photos/57bc9873df86899a7bfe7ee9/report.jpg
121,6225370,08/22/2016 05:17:11 PM,08/23/2016 11:10:55 AM,08/23/2016 11:10:55 AM,Closed,Case Resolved -,DPW Ops Queue,Graffiti Public Property,Not_Offensive Graffiti on Public Property,Signal_box - Not_Offensive,Intersection of 18TH ST and CHURCH ST,8,Mission Dolores,"(37.7612895823341, -122.428354118317)",Open311,http://mobile311.sfgov.org/media/san_francisco/report/photos/57bb9600df86899a7bfe632f/report.jpg
122,6225307,08/22/2016 05:00:52 PM,08/23/2016 05:25:58 AM,08/23/2016 05:25:58 AM,Closed,Scheduled -,Clear Channel - Transit Queue,Graffiti Public Property,Offensive Graffiti on Public Property,Transit_Shelter_Platform - Offensive,"3803 18TH ST, SAN FRANCISCO, CA, 94114",8,Dolores Heights,"(37.761161068222, -122.428524351928)",Open311,http://mobile311.sfgov.org/media/san_francisco/report/photos/57bb922bdf86899a7bfe61b3/report.jpg
123,6222303,08/22/2016 09:15:27 AM,08/23/2016 11:10:41 AM,08/23/2016 11:10:41 AM,Closed,Case Resolved -,DPW Ops Queue,Graffiti Public Property,Not_Offensive Graffiti on Public Property,Signal_box - Not_Offensive,Intersection of 18TH ST and CHURCH ST,8,Mission Dolores,"(37.7612895823341, -122.428354118317)",Open311,http://mobile311.sfgov.org/media/san_francisco/report/photos/57bb2518df8641c19f4b2f26/report.jpg
124,6204770,08/17/2016 08:55:58 AM,08/18/2016 05:42:01 AM,08/18/2016 05:42:01 AM,Closed,Scheduled -,Clear Channel - Transit Queue,Graffiti Private Property,Offensive Graffiti on Private Property,Sidewalk_in_front_of_property - Offensive,Intersection of 18TH ST and CHURCH ST,8,Mission Dolores,"(37.7612895823341, -122.428354118317)",Open311,http://mobile311.sfgov.org/media/san_francisco/report/photos/57b48908df864aaa31e9f16a/report.jpg
125,6203137,08/16/2016 04:23:05 PM,08/18/2016 02:12:36 PM,08/18/2016 02:12:36 PM,Closed,Case Resolved - SES Graffiti Crew  - Clean using chemicals - Structure - Sidewalk,DPW Ops Queue,Graffiti Private Property,Offensive Graffiti on Private Property,Sidewalk_in_front_of_property - Offensive,Intersection of 18TH ST and CHURCH ST,8,Mission Dolores,"(37.7612895823341, -122.428354118317)",Voice In,
126,6115524,07/24/2016 02:09:27 PM,07/29/2016 02:30:18 PM,07/29/2016 02:30:18 PM,Closed,Resolved per Clear Channel - Admin Closure,Clear Channel - Transit Queue,Graffiti Public Property,Not_Offensive Graffiti on Public Property,Transit_Shelter_Platform - Not_Offensive,"586 CHURCH ST, SAN FRANCISCO, CA, 94114",8,Mission Dolores,"(37.76148627613, -122.428566350968)",Open311,http://mobile311.sfgov.org/media/san_francisco/report/photos/57952e80df86b7f5c562f3cb/report.jpg
127,6102743,07/20/2016 01:58:51 PM,07/21/2016 10:10:35 AM,07/21/2016 10:10:35 AM,Closed,Case Resolved -,DPW Ops Queue,Graffiti Public Property,Offensive Graffiti on Public Property,Signal_box - Offensive,"602 CHURCH ST, SAN FRANCISCO, CA, 94114",8,Dolores Heights,"(37.761230195726, -122.428417810621)",Open311,http://mobile311.sfgov.org/media/san_francisco/report/photos/578fe603df86b7f5c5629802/report.jpg
128,6101262,07/20/2016 10:20:06 AM,07/21/2016 11:10:52 AM,07/21/2016 11:10:52 AM,Closed,Case Resolved - SES Graffiti Crew  - Clean using chemicals - Structure - Sidewalk,DPW Ops Queue,Graffiti Private Property,Not_Offensive Graffiti on Private Property,Sidewalk_in_front_of_property - Not_Offensive,"586 CHURCH ST, SAN FRANCISCO, CA, 94114",8,Mission Dolores,"(37.76148627613, -122.428566350968)",Open311,http://mobile311.sfgov.org/media/san_francisco/report/photos/578fb2bddf86b7f5c5628fc2/report.jpg
129,6086493,07/15/2016 05:29:24 PM,07/16/2016 08:47:36 AM,07/16/2016 08:47:36 AM,Closed,Case Resolved -,DPW Ops Queue,Graffiti Public Property,Not_Offensive Graffiti on Public Property,Sidewalk_structure - Not_Offensive,Intersection of 18TH ST and CHURCH ST,8,Mission Dolores,"(37.7612895823341, -122.428354118317)",Voice In,
130,6043396,07/02/2016 01:05:15 PM,07/05/2016 06:17:12 AM,07/05/2016 06:17:12 AM,Closed,Scheduled -,Clear Channel - Transit Queue,Graffiti Public Property,Not_Offensive Graffiti on Public Property,Transit_Shelter_Platform - Not_Offensive,Intersection of 18TH ST and CHURCH ST,8,Mission Dolores,"(37.7612895823341, -122.428354118317)",Open311,http://mobile311.sfgov.org/media/san_francisco/report/photos/57781e74df8641072988dcd6/report.jpg
131,6040743,07/01/2016 01:57:55 PM,07/02/2016 10:17:42 AM,07/02/2016 10:17:42 AM,Closed,Case Resolved -,DPW Ops Queue,Graffiti Public Property,Not_Offensive Graffiti on Public Property,Signal_box - Not_Offensive,Intersection of 18TH ST and CHURCH ST,8,Mission Dolores,"(37.7612895823341, -122.428354118317)",Open311,http://mobile311.sfgov.org/media/san_francisco/report/photos/5776d94ddf8641072988c682/report.jpg
132,6031601,06/29/2016 10:38:13 AM,06/29/2016 01:36:00 PM,06/29/2016 01:36:00 PM,Closed,Scheduled -,Clear Channel - Transit Queue,Graffiti Public Property,Not_Offensive Graffiti on Public Property,Transit_Shelter_Platform - Not_Offensive,Intersection of 18TH ST and CHURCH ST,8,Mission Dolores,"(37.7612895823341, -122.428354118317)",Voice In,
133,6026927,06/28/2016 08:48:00 AM,06/29/2016 01:12:11 AM,06/29/2016 01:12:11 AM,Closed,Case Resolved -,DPW Ops Queue,Graffiti Public Property,Not_Offensive Graffiti on Public Property,Signal_box - Not_Offensive,"3813 18TH ST, SAN FRANCISCO, CA, 94114",8,Dolores Heights,"(37.761162144303, -122.428639514853)",Open311,http://mobile311.sfgov.org/media/san_francisco/report/photos/57729c27df86410729885ef0/report.jpg
134,6024586,06/27/2016 02:28:49 PM,06/28/2016 12:26:37 PM,06/28/2016 12:26:37 PM,Closed,Case Resolved - SES Graffiti Crew  - Paint - Box - Big Signal Light,DPW Ops Queue,Graffiti Public Property,Not_Offensive Graffiti on Public Property,Signal_box - Not_Offensive,Intersection of 18TH ST and CHURCH ST,8,Mission Dolores,"(37.7612895823341, -122.428354118317)",Open311,http://mobile311.sfgov.org/media/san_francisco/report/photos/57719a89df86410729884eab/report.jpg
135,6008859,06/22/2016 05:11:41 PM,06/30/2016 03:33:21 PM,06/30/2016 03:33:21 PM,Closed,DPT Sign Shop - Sign Serviced -,DPT SignShop Survey Tech - Dave McLaughlin Queue,Graffiti Public Property,Offensive Graffiti on Public Property,Other_enter_additional_details_below - Offensive,"3813 18TH ST, SAN FRANCISCO, CA, 94114",8,Dolores Heights,"(37.761162144303, -122.428639514853)",Open311,http://mobile311.sfgov.org/media/san_francisco/report/photos/576b2933df8692b71f5a4b81/report.jpg
136,6008107,06/22/2016 02:57:09 PM,06/23/2016 11:34:38 AM,06/23/2016 11:34:38 AM,Closed,Case Resolved -,DPW Ops Queue,Graffiti Public Property,Offensive Graffiti on Public Property,Signal_box - Offensive,Intersection of 18TH ST and CHURCH ST,8,Mission Dolores,"(37.7612895823341, -122.428354118317)",Voice In,http://pic.twitter.com/GldCZuZXJt
137,6004301,06/21/2016 04:04:52 PM,06/22/2016 07:15:12 AM,06/22/2016 07:15:12 AM,Closed,Case is a Duplicate -,Clear Channel - Transit Queue,Graffiti Public Property,Not_Offensive Graffiti on Public Property,Transit_Shelter_Platform - Not_Offensive,Intersection of CHURCH ST and 18TH ST,8,Mission Dolores,"(37.7612895823341, -122.428354118317)",Voice In,
138,5991114,06/17/2016 02:14:19 PM,06/20/2016 01:32:48 PM,06/20/2016 01:32:48 PM,Closed,Scheduled -,Clear Channel - Transit Queue,Graffiti Public Property,Not_Offensive Graffiti on Public Property,Transit_Shelter_Platform - Not_Offensive,Intersection of 18TH ST and CHURCH ST,8,Mission Dolores,"(37.7612895823341, -122.428354118317)",Open311,http://mobile311.sfgov.org/media/san_francisco/report/photos/57646824df8647f4a6f3f5c7/report.jpg
139,5989348,06/17/2016 08:45:49 AM,06/17/2016 03:19:17 PM,06/17/2016 03:19:17 PM,Closed,Case Resolved -,DPW Ops Queue,Graffiti Public Property,Not_Offensive Graffiti on Public Property,Signal_box - Not_Offensive,Intersection of 18TH ST and CHURCH ST,8,Mission Dolores,"(37.7612895823341, -122.428354118317)",Open311,http://mobile311.sfgov.org/media/san_francisco/report/photos/57641b23df8647f4a6f3e822/report.jpg
140,5989343,06/17/2016 08:44:38 AM,06/17/2016 12:53:33 PM,06/17/2016 12:53:33 PM,Closed,Case Resolved -,DPW Ops Queue,Graffiti Public Property,Not_Offensive Graffiti on Public Property,Signal_box - Not_Offensive,Intersection of 18TH ST and CHURCH ST,8,Mission Dolores,"(37.7612895823341, -122.428354118317)",Open311,http://mobile311.sfgov.org/media/san_francisco/report/photos/57641ae0df8647f4a6f3e804/report.jpg
141,5975979,06/13/2016 04:41:55 PM,06/14/2016 10:26:11 AM,06/14/2016 10:26:11 AM,Closed,Case Resolved - SES Graffiti Crew  - Paint - Box - Big Signal Light,DPW Ops Queue,Graffiti Public Property,Not_Offensive Graffiti on Public Property,Signal_box - Not_Offensive,Intersection of 18TH ST and CHURCH ST,8,Mission Dolores,"(37.7612895823341, -122.428354118317)",Open311,http://mobile311.sfgov.org/media/san_francisco/report/photos/575f44bbdf860b6e6f91c33d/photo_20160613_164051.jpg
142,5972851,06/13/2016 07:26:21 AM,06/13/2016 08:02:29 AM,06/13/2016 08:02:29 AM,Closed,Scheduled -,Clear Channel - Transit Queue,Graffiti Public Property,Not_Offensive Graffiti on Public Property,Transit_Shelter_Platform - Not_Offensive,"3803 18TH ST, SAN FRANCISCO, CA, 94114",8,Dolores Heights,"(37.761088715082, -122.428521399986)",Open311,http://mobile311.sfgov.org/media/san_francisco/report/photos/575ec288df860b6e6f91b048/report.jpg
143,5969507,06/11/2016 01:15:02 PM,08/22/2016 10:32:20 AM,08/22/2016 10:32:20 AM,Closed,Case Resolved -,DPW Ops Queue,Graffiti Public Property,Offensive Graffiti on Public Property,Signal_box - Offensive,Intersection of 18TH ST and CHURCH ST,8,Mission Dolores,"(37.7612895823341, -122.428354118317)",Open311,http://mobile311.sfgov.org/media/san_francisco/report/photos/575c7140df868d2f31f824ef/report.jpg
144,5969489,06/11/2016 01:09:29 PM,06/20/2016 10:46:00 AM,06/20/2016 10:46:00 AM,Closed,Case Resolved - Completed,DPW Ops Queue,Graffiti Public Property,Offensive Graffiti on Public Property,Fire_Police_Callbox - Offensive,"602 CHURCH ST, SAN FRANCISCO, CA, 94114",8,Dolores Heights,"(37.761230195726, -122.428417810621)",Open311,http://mobile311.sfgov.org/media/san_francisco/report/photos/575c6ff0df868d2f31f824a6/report.jpg
145,5969481,06/11/2016 01:07:57 PM,10/18/2016 01:45:49 PM,10/18/2016 01:45:49 PM,Closed,Case Transferred - sent to SFMTA facility maintenance on 8/17/16 for follow up,SFMTA - Muni System Feedback Queue,Graffiti Public Property,Offensive Graffiti on Public Property,Pole - Offensive,"584 CHURCH ST, SAN FRANCISCO, CA, 94114",8,Mission Dolores,"(37.761528117756, -122.428446513619)",Open311,http://mobile311.sfgov.org/media/san_francisco/report/photos/575c6f96df868d2f31f8247d/report.jpg
146,5969477,06/11/2016 01:06:55 PM,10/18/2016 01:46:53 PM,10/18/2016 01:46:53 PM,Closed,Case Transferred - sent to SFMTA facility maintenance on 8/17/16 for follow up,SFMTA - Muni System Feedback Queue,Graffiti Public Property,Offensive Graffiti on Public Property,Other_enter_additional_details_below - Offensive,"584 CHURCH ST, SAN FRANCISCO, CA, 94114",8,Mission Dolores,"(37.761528117756, -122.428446513619)",Open311,http://mobile311.sfgov.org/media/san_francisco/report/photos/575c6f56df868d2f31f8245d/report.jpg
147,5969475,06/11/2016 01:06:27 PM,07/01/2016 03:10:17 PM,07/01/2016 03:10:17 PM,Closed,DPT Sign Shop - Sign Serviced -,DPT SignShop Surveyed - Area 2 Queue,Graffiti Public Property,Offensive Graffiti on Public Property,Other_enter_additional_details_below - Offensive,"574 CHURCH ST, SAN FRANCISCO, CA, 94114",8,,"(37.761658325, -122.428633921)",Open311,http://mobile311.sfgov.org/media/san_francisco/report/photos/575c6f3edf868d2f31f82453/report.jpg
148,5969414,06/11/2016 12:43:06 PM,09/21/2016 11:07:10 AM,09/21/2016 11:07:10 AM,Closed,Case Resolved -,DPW Ops Queue,Graffiti Public Property,Offensive Graffiti on Public Property,Signal_box - Offensive,Intersection of 18TH ST and CHURCH ST,8,Mission Dolores,"(37.7612895823341, -122.428354118317)",Open311,http://mobile311.sfgov.org/media/san_francisco/report/photos/575c69c2df868d2f31f82367/report.jpg
149,5969411,06/11/2016 12:42:13 PM,06/16/2016 12:36:30 PM,06/16/2016 12:36:30 PM,Closed,Case Resolved -,DPW Ops Queue,Graffiti Public Property,Offensive Graffiti on Public Property,Bike_rack - Offensive,"3813 18TH ST, SAN FRANCISCO, CA, 94114",8,Dolores Heights,"(37.761162144303, -122.428639514853)",Open311,http://mobile311.sfgov.org/media/san_francisco/report/photos/575c698cdf868d2f31f82357/report.jpg
150,5969408,06/11/2016 12:41:46 PM,06/16/2016 12:44:04 PM,06/16/2016 12:44:04 PM,Closed,Case Resolved -,DPW Ops Queue,Graffiti Public Property,Offensive Graffiti on Public Property,Bike_rack - Offensive,"3813 18TH ST, SAN FRANCISCO, CA, 94114",8,Dolores Heights,"(37.761162144303, -122.428639514853)",Open311,http://mobile311.sfgov.org/media/san_francisco/report/photos/575c6973df868d2f31f82347/report.jpg
151,5969400,06/11/2016 12:38:30 PM,06/24/2016 01:55:35 PM,06/24/2016 01:55:35 PM,Closed,DPT Sign Shop - Sign Serviced -,DPT SignShop Survey Tech - Dave McLaughlin Queue,Graffiti Public Property,Offensive Graffiti on Public Property,Other_enter_additional_details_below - Offensive,"3815 18TH ST, SAN FRANCISCO, CA, 94114",8,Dolores Heights,"(37.761145554697, -122.428780499409)",Open311,http://mobile311.sfgov.org/media/san_francisco/report/photos/575c68aedf868d2f31f82320/report.jpg
152,5928650,06/01/2016 08:23:12 AM,06/01/2016 12:10:42 PM,06/01/2016 12:10:42 PM,Closed,Case Resolved - SES Graffiti Crew  - Paint - Box - Big Signal Light,DPW Ops Queue,Graffiti Public Property,Not_Offensive Graffiti on Public Property,Signal_box - Not_Offensive,Intersection of 18TH ST and CHURCH ST,8,Mission Dolores,"(37.7612895823341, -122.428354118317)",Open311,http://mobile311.sfgov.org/media/san_francisco/report/photos/574efdd9df86fb012698e90f/report.jpg
153,5906006,05/25/2016 08:27:43 AM,05/26/2016 05:34:57 AM,05/26/2016 05:34:57 AM,Closed,Case is a Duplicate -,Clear Channel - Transit Queue,Graffiti Public Property,Not_Offensive Graffiti on Public Property,Transit_Shelter_Platform - Not_Offensive,Intersection of 18TH ST and CHURCH ST,8,Mission Dolores,"(37.7612895823341, -122.428354118317)",Open311,http://mobile311.sfgov.org/media/san_francisco/report/photos/5745c468df86b69c36c107b6/report.jpg
154,5891382,05/20/2016 09:51:43 PM,05/26/2016 07:04:31 AM,05/26/2016 07:04:31 AM,Closed,Scheduled -,Clear Channel - Transit Queue,Graffiti Public Property,Not_Offensive Graffiti on Public Property,Transit_Shelter_Platform - Not_Offensive,Intersection of 18TH ST and CHURCH ST,8,Mission Dolores,"(37.7612895823341, -122.428354118317)",Open311,
155,5857620,05/12/2016 08:39:54 AM,05/23/2016 03:52:05 PM,05/23/2016 03:52:05 PM,Closed,Resolved per Clear Channel - Admin Closure,Clear Channel - Transit Queue,Graffiti Public Property,Not_Offensive Graffiti on Public Property,Transit_Shelter_Platform - Not_Offensive,Intersection of 18TH ST and CHURCH ST,8,Mission Dolores,"(37.7612895823341, -122.428354118317)",Open311,http://mobile311.sfgov.org/media/san_francisco/report/photos/5734a3c1df86c4a39493f3c7/report.jpg
156,5847751,05/09/2016 03:09:29 PM,05/11/2016 11:25:17 AM,05/11/2016 11:25:17 AM,Closed,Case Resolved - SES Graffiti Crew  - Removed Stickers - Pole - MUNI,DPW Ops Queue,Graffiti Public Property,Not_Offensive Graffiti on Public Property,Pole - Not_Offensive,Intersection of 18TH ST and CHURCH ST,8,Mission Dolores,"(37.7612895823341, -122.428354118317)",Open311,http://mobile311.sfgov.org/media/san_francisco/report/photos/57310a8ed6f174bcff5afb/report.jpg
157,5847743,05/09/2016 03:08:01 PM,05/11/2016 11:31:09 AM,05/11/2016 11:31:09 AM,Closed,Case Resolved - SES Graffiti Crew  - Paint - Box - Sub Panel - High Voltage,DPW Ops Queue,Graffiti Public Property,Not_Offensive Graffiti on Public Property,Signal_box - Not_Offensive,"602 CHURCH ST, SAN FRANCISCO, CA, 94114",8,Dolores Heights,"(37.761230195726, -122.428417810621)",Open311,http://mobile311.sfgov.org/media/san_francisco/report/photos/57310adf86f174bcff5ad0/report.jpg
158,5839502,05/06/2016 02:36:08 PM,05/06/2016 06:49:37 PM,05/06/2016 06:49:37 PM,Closed,Case Resolved -,DPW Ops Queue,Graffiti Public Property,Not_Offensive Graffiti on Public Property,Signal_box - Not_Offensive,Intersection of 18TH ST and CHURCH ST,8,Mission Dolores,"(37.7612895823341, -122.428354118317)",Voice In,
159,5839494,05/06/2016 02:34:57 PM,05/07/2016 09:35:35 AM,05/07/2016 09:35:35 AM,Closed,Case Resolved - SES Graffiti Crew  - Paint - Misc - City Garbage Can,DPW Ops Queue,Graffiti Public Property,Not_Offensive Graffiti on Public Property,City_receptacle - Not_Offensive,Intersection of 18TH ST and CHURCH ST,8,Mission Dolores,"(37.7612895823341, -122.428354118317)",Voice In,
160,5821954,05/02/2016 01:12:06 PM,05/02/2016 01:39:17 PM,05/02/2016 01:39:17 PM,Closed,Scheduled -,Clear Channel - Transit Queue,Graffiti Public Property,Not_Offensive Graffiti on Public Property,Transit_Shelter_Platform - Not_Offensive,Intersection of 18TH ST and CHURCH ST,8,Mission Dolores,"(37.7612895823341, -122.428354118317)",Voice In,
161,5815173,04/29/2016 06:10:34 PM,05/02/2016 05:36:23 AM,05/02/2016 05:36:23 AM,Closed,Scheduled -,Clear Channel - Transit Queue,Graffiti Public Property,Not_Offensive Graffiti on Public Property,Transit_Shelter_Platform - Not_Offensive,Intersection of 18TH ST and CHURCH ST,8,Mission Dolores,"(37.7612895823341, -122.428354118317)",Voice In,
162,5772886,04/18/2016 08:47:39 AM,04/19/2016 02:19:37 AM,04/19/2016 02:19:37 AM,Closed,Case Resolved - done,DPW Ops Queue,Graffiti Public Property,Not_Offensive Graffiti on Public Property,City_receptacle - Not_Offensive,Intersection of 18TH ST and CHURCH ST,8,Mission Dolores,"(37.7612895823341, -122.428354118317)",Open311,http://mobile311.sfgov.org/media/san_francisco/report/photos/57150193df86f516b6364451/report.jpg
163,5743798,04/08/2016 01:47:27 PM,04/11/2016 05:54:55 AM,04/11/2016 05:54:55 AM,Closed,Scheduled -,Clear Channel - Transit Queue,Graffiti Public Property,Not_Offensive Graffiti on Public Property,Transit_Shelter_Platform - Not_Offensive,Intersection of 18TH ST and CHURCH ST,8,Mission Dolores,"(37.7612895823341, -122.428354118317)",Open311,http://mobile311.sfgov.org/media/san_francisco/report/photos/570818d0df861a9671514c8c/report.jpg
164,5729091,04/04/2016 02:17:03 PM,04/05/2016 05:50:06 AM,04/05/2016 05:50:06 AM,Closed,Case is a Duplicate -,Clear Channel - Transit Queue,Graffiti Public Property,Not_Offensive Graffiti on Public Property,Transit_Shelter_Platform - Not_Offensive,Intersection of 18TH ST and CHURCH ST,8,Mission Dolores,"(37.7612895823341, -122.428354118317)",Open311,http://mobile311.sfgov.org/media/san_francisco/report/photos/5702d9c3df86ad059425bbd6/report.jpg
165,5675638,03/17/2016 03:01:36 PM,03/24/2016 12:00:00 PM,03/24/2016 12:00:00 PM,Closed,Case Resolved - condition not found - photo,DPW BSM Queue,Graffiti Public Property,Not_Offensive Graffiti on Public Property,Sidewalk_structure - Not_Offensive,"3813 18TH ST, SAN FRANCISCO, CA, 94114",8,Dolores Heights,"(37.761215335856, -122.42867087056)",Open311,http://mobile311.sfgov.org/media/san_francisco/report/photos/56eb2937df86ba9da056df5b/report.jpg
166,5675635,03/17/2016 03:00:26 PM,03/21/2016 08:31:23 AM,03/21/2016 08:31:23 AM,Closed,Case Resolved - SES Graffiti Crew  - Scrape - Pole - Sign (Comment),DPW Ops Queue,Graffiti Public Property,Not_Offensive Graffiti on Public Property,Pole - Not_Offensive,Intersection of 18TH ST and CHURCH ST,8,Mission Dolores,"(37.7612895823341, -122.428354118317)",Open311,http://mobile311.sfgov.org/media/san_francisco/report/photos/56eb28f3df86ba9da056df35/report.jpg
167,5623788,03/02/2016 04:42:13 PM,03/03/2016 03:32:36 PM,03/03/2016 03:32:36 PM,Closed,Case Completed - Case Resolved:,DPW Ops Queue,Graffiti Public Property,Not_Offensive Graffiti on Public Property,Pole - Not_Offensive,Intersection of 18TH ST and CHURCH ST,8,Mission Dolores,"(37.7612895823341, -122.428354118317)",Voice In,
168,5598440,02/24/2016 09:10:55 AM,02/25/2016 05:32:54 AM,02/25/2016 05:32:54 AM,Closed,Scheduled -,Clear Channel - Transit Queue,Graffiti Public Property,Not_Offensive Graffiti on Public Property,Transit_Shelter_Platform - Not_Offensive,Intersection of CHURCH ST and 18TH ST,8,Mission Dolores,"(37.7612895823341, -122.428354118317)",Twitter,http://pic.twitter.com/gvhg30Mgoe
169,5529135,02/02/2016 03:34:48 PM,02/03/2016 03:00:00 AM,02/03/2016 03:00:00 AM,Closed,Case Completed - resolved: 1098 - cmp,DPW Ops Queue,Graffiti Public Property,Offensive Graffiti on Public Property,City_receptacle - Offensive,Intersection of 18TH ST and CHURCH ST,8,Mission Dolores,"(37.7612895823341, -122.428354118317)",Open311,http://mobile311.sfgov.org/media/san_francisco/report/photos/56b13d0ddf8648dfdd119904/report.jpg
170,5524594,02/01/2016 01:24:19 PM,02/02/2016 02:40:00 AM,02/02/2016 02:40:00 AM,Closed,Case Completed - resolved: 10-98,DPW Ops Queue,Graffiti Public Property,Not_Offensive Graffiti on Public Property,City_receptacle - Not_Offensive,Intersection of CHURCH ST and 18TH ST,8,Mission Dolores,"(37.7612895823341, -122.428354118317)",Voice In,
171,5515679,01/29/2016 12:23:45 PM,02/01/2016 06:01:23 AM,02/01/2016 06:01:23 AM,Closed,Scheduled -,Clear Channel - Transit Queue,Graffiti Public Property,Not_Offensive Graffiti on Public Property,Transit_Shelter_Platform - Not_Offensive,Intersection of 18TH ST and CHURCH ST,8,Mission Dolores,"(37.7612895823341, -122.428354118317)",Open311,
172,5476498,01/18/2016 01:56:39 PM,01/19/2016 07:10:45 AM,01/19/2016 07:10:45 AM,Closed,Scheduled -,Clear Channel - Transit Queue,Graffiti Public Property,Not_Offensive Graffiti on Public Property,Transit_Shelter_Platform - Not_Offensive,Intersection of 18TH ST and CHURCH ST,8,Mission Dolores,"(37.7612895823341, -122.428354118317)",Open311,http://mobile311.sfgov.org/media/san_francisco/report/photos/569d5f8fdf86207c03fe29a3/report.jpg
173,5476497,01/18/2016 01:56:01 PM,01/20/2016 07:00:17 PM,01/20/2016 07:00:17 PM,Closed,Case Completed - resolved: done,DPW Ops Queue,Graffiti Public Property,Not_Offensive Graffiti on Public Property,City_receptacle - Not_Offensive,Intersection of 18TH ST and CHURCH ST,8,Mission Dolores,"(37.7612895823341, -122.428354118317)",Open311,http://mobile311.sfgov.org/media/san_francisco/report/photos/569d5f69df86207c03fe2999/report.jpg
174,5430997,01/04/2016 02:47:47 PM,01/07/2016 12:40:31 PM,01/07/2016 12:40:31 PM,Closed,Case Completed - resolved: SES Graffiti Crew  - Paint - Box - Big Signal Light,DPW Ops Queue,Graffiti Public Property,Offensive Graffiti on Public Property,Signal_box - Offensive,Intersection of 18TH ST and CHURCH ST,8,Mission Dolores,"(37.7612895823341, -122.428354118317)",Open311,http://mobile311.sfgov.org/media/san_francisco/report/photos/568af5d2df86a7c26147555c/report.jpg
175,5427765,01/03/2016 05:53:01 PM,01/07/2016 12:49:57 PM,01/07/2016 12:49:57 PM,Closed,Case Completed - resolved:,DPW Ops Queue,Graffiti Public Property,Not_Offensive Graffiti on Public Property,Signal_box - Not_Offensive,"3803 18TH ST, SAN FRANCISCO, CA, 94114",8,Dolores Heights,"(37.761088715082, -122.428521399986)",Open311,http://mobile311.sfgov.org/media/san_francisco/report/photos/5689d066df86a7c261474049/report.jpg
